id;name;birthday;adress;email;phone_number
1;Assistant;2019-12-27;Money Market Account;Precious19@yahoo.com;Investment Account User-friendly
2;Concrete;2019-12-27;pricing structure;Einar.Moore12@yahoo.com;Principal sky blue
3;generate Hong Kong alarm;2019-12-28;Tennessee relationships Ball;Dorothea_Johnson79@gmail.com;azure Soft Villages
4;JBOD;2019-12-27;Progressive;Erling69@hotmail.com;Ergonomic California withdrawal
5;invoice secondary database;2019-12-28;Tennessee deposit transmit;Issac78@gmail.com;Kids
6;Chicken plum Accounts;2019-12-27;Lilangeni;Harvey20@yahoo.com;Cheese benchmark quantifying
7;Games invoice Pine;2019-12-27;Rhode Island Court;Lewis.Stroman@hotmail.com;white
8;bypass hacking Christmas Island;2019-12-27;Central African Republic Georgia;Deborah74@hotmail.com;deposit Future
9;transmitting Home Loan Account;2019-12-27;UIC-Franc;Jane_Crist@hotmail.com;Auto Loan Account
10;Rustic Cotton Table;2019-12-27;Intelligent Cotton Sausages;Allene.Klocko81@hotmail.com;Virtual Japan Ball
