id;deliver_person;supplier;cost
1;Games Bedfordshire Music;Towels Directives;64607
2;calculate;withdrawal Electronics;60880
3;Mobility feed backing up;groupware Sleek Wooden Keyboard;69792
4;reboot;Kwacha Cambridgeshire;40826
5;Money Market Account;seamless;22712
6;deposit;Malaysian Ringgit out-of-the-box Coordinator;18200
7;Ergonomic Plastic Cheese index;Bedfordshire e-markets 24/365;79358
8;Avon;generating;17444
9;Interactions Borders intuitive;Credit Card Account Research;50561
10;Chair;Zloty;92197
